[{"name":"Indiranagar","file":"indiranagar","coords":{"lat":12.9718915,"lng":77.6411545},"food_average_sentiment":4.03918918918919,"healthcare_average_sentiment":0,"education_average_sentiment":3.7},{"name":"HSR Layout","file":"hsr","coords":{"lat":12.9081357,"lng":77.64760799999999},"food_average_sentiment":3.5771428571428556,"healthcare_average_sentiment":0,"education_average_sentiment":2.6874999999999996},{"name":"koramangala","file":"koramangala","coords":{"lat":12.9279232,"lng":77.62710779999999},"food_average_sentiment":3.882666666666667,"healthcare_average_sentiment":0,"education_average_sentiment":0}]